{
  "input_shape": [
    1,
    1,
    4
  ],
  "flattened_input": [
    0.6160029172897339,
    0.104542076587677,
    0.119082510471344,
    0.3446267247200012
  ],
  "output_shape": [
    1,
    1,
    2
  ],
  "flattened_output": [
    1.1842869520187378,
    0.6071364283561707
  ]
}